population,n_yes,n_no,p_value,q_value
b_cell,32,48,0.9569231326764093,0.9569231326764094
cd8_t_cell,32,48,0.06999220321388051,0.34996101606940255
cd4_t_cell,32,48,0.33829454856300223,0.6342331584775774
nk_cell,32,48,0.507386526782062,0.6342331584775774
monocyte,32,48,0.48255674187326225,0.6342331584775774
