population,n_yes,n_no,p_value,q_value
b_cell,32,48,0.012098885745744022,0.020164809576240037
cd8_t_cell,32,48,1.3006915474599968e-07,6.503457737299984e-07
cd4_t_cell,32,48,0.07152335043453358,0.08940418804316697
nk_cell,32,48,0.5200484308770658,0.5200484308770658
monocyte,32,48,0.008863433418531809,0.020164809576240037
