population,n_yes,n_no,p_value,q_value
b_cell,32,48,0.2525663875120533,0.5436768318472361
cd8_t_cell,32,48,0.13939450508208667,0.5436768318472361
cd4_t_cell,32,48,0.4349414654777889,0.5436768318472361
nk_cell,32,48,0.3955974401394049,0.5436768318472361
monocyte,32,48,0.6061347222241948,0.6061347222241948
