population,n_yes,n_no,p_value,q_value
b_cell,32,48,0.11272120987311754,0.30940753129967324
cd8_t_cell,32,48,0.1587455629815886,0.30940753129967324
cd4_t_cell,32,48,0.30940753129967324,0.30940753129967324
nk_cell,32,48,0.2525663875120533,0.30940753129967324
monocyte,32,48,0.2034405947678577,0.30940753129967324
